year,Low-income,Lower-middle-income,Upper-middle-income
2019,1,1,1
2020,1.0403011300993106,1.0752351376913116,0.9567480847417843
2021,1.0558385750372643,1.0146701646722625,0.9599542185901832
2022,1.0409126058431672,0.946335211904454,0.8308844502127143
2023,1.0444489165207718,0.8890779767798872,0.7601104447143816
2024,1.0430388119664324,0.844039575924752,0.7087639024864831
