year,Low-income,Lower-middle-income,Upper-middle-income
2019,1,1,1
2020,1.0154884859757443,1.0128907853769806,1.0106816221165609
2021,1.0207469709029433,1.0016835283745524,0.8769259284230314
2022,1.0204334558309018,0.9850045098907229,0.8633470931371553
2023,1.0232849771561296,0.9652146903259559,0.7959328218733704
2024,1.0230491926029797,0.9456764852849265,0.7580126723125818
