"Group","High inequality","Low inequality","Moderate inequality"
"Non-FCS",27.7372262773723,20.4379562043796,51.8248175182482
"FCS",38.2352941176471,14.7058823529412,47.0588235294118
