"Group","High inequality","Low inequality","Moderate inequality"
"High income",14.2857142857143,26.530612244898,59.1836734693878
"Low income",31.8181818181818,4.54545454545455,63.6363636363636
"Lower middle income",38.7755102040816,16.3265306122449,44.8979591836735
"Upper middle income",35.2941176470588,21.5686274509804,43.1372549019608